{
  "music_vol": 0.2833333333333333,
  "sfx_vol": 0.5033333333333333,
  "camera_idx": 0,
  "debug_hands": true,
  "resolution_idx": 2,
  "fullscreen": false
}